{
  "num_epochs_completed": 5,
  "total_epochs": 5,
  "best_cycle_loss": 2.237016999010454,
  "training_losses": {
    "generator": [
      5.824810002728513,
      4.782709208956936,
      4.3199727865687585,
      4.312878673871358,
      4.070108941814356
    ],
    "discriminator_a": [
      0.18428663494686284,
      0.18036553872520464,
      0.17618322817510682,
      0.1273807303881959,
      0.11236962005888161
    ],
    "discriminator_b": [
      0.220113595857432,
      0.20027516328321215,
      0.21516741084686497,
      0.14414526903838443,
      0.12007981108338163
    ],
    "cycle_loss": [
      3.3778758166965686,
      2.7572627780730263,
      2.507615771753746,
      2.4373167831855906,
      2.237016999010454
    ],
    "identity_loss": [
      1.3829263848170898,
      1.064698489360642,
      0.9370824978853527,
      0.8602104993870384,
      0.7876052052305456
    ]
  },
  "final_metrics": {
    "ssim_A": 0.9793083667755127,
    "psnr_A": 34.2286615181765,
    "ssim_B": 0.5627841353416443,
    "psnr_B": 18.380654660795532
  }
}